{"luck":4.140000000000001,"money":4.140000000000001}